areaCode,areaName,areaType,date,cumDailyNsoDeathsByDeathDate,hospitalCases,newCasesBySpecimenDate
E92000001,England,nation,2021-12-15,,6358,
E92000001,England,nation,2021-12-14,,6434,18821
E92000001,England,nation,2021-12-13,,6395,59429
E92000001,England,nation,2021-12-12,,6223,41473
E92000001,England,nation,2021-12-11,,6095,38259
E92000001,England,nation,2021-12-10,,6088,42290
E92000001,England,nation,2021-12-09,,6130,46314
E92000001,England,nation,2021-12-08,,6053,47685
E92000001,England,nation,2021-12-07,,6027,46150
E92000001,England,nation,2021-12-06,,5992,49261
E92000001,England,nation,2021-12-05,,5903,33931
E92000001,England,nation,2021-12-04,,5784,32367
E92000001,England,nation,2021-12-03,147294,5851,38137
E92000001,England,nation,2021-12-02,147227,5915,41909
E92000001,England,nation,2021-12-01,147168,5829,45988
E92000001,England,nation,2021-11-30,147081,6123,46435
E92000001,England,nation,2021-11-29,146997,6094,46644
E92000001,England,nation,2021-11-28,146899,5890,33038
E92000001,England,nation,2021-11-27,146811,5852,27803
E92000001,England,nation,2021-11-26,146723,5992,32903
E92000001,England,nation,2021-11-25,146635,6068,36257
E92000001,England,nation,2021-11-24,146529,6062,38918
E92000001,England,nation,2021-11-23,146429,6257,40104
E92000001,England,nation,2021-11-22,146322,6424,41908
E92000001,England,nation,2021-11-21,146232,6322,31044
E92000001,England,nation,2021-11-20,146141,6191,29211
E92000001,England,nation,2021-11-19,146043,6310,32464
E92000001,England,nation,2021-11-18,145941,6336,36232
E92000001,England,nation,2021-11-17,145843,6412,37421
E92000001,England,nation,2021-11-16,145753,6623,37685
E92000001,England,nation,2021-11-15,145626,6864,41526
E92000001,England,nation,2021-11-14,145499,6707,28912
E92000001,England,nation,2021-11-13,145399,6639,26801
E92000001,England,nation,2021-11-12,145287,6777,30572
E92000001,England,nation,2021-11-11,145188,6861,32903
E92000001,England,nation,2021-11-10,145070,6961,34564
E92000001,England,nation,2021-11-09,144945,7053,33891
E92000001,England,nation,2021-11-08,144820,7075,35293
E92000001,England,nation,2021-11-07,144697,6910,24883
E92000001,England,nation,2021-11-06,144582,6874,22067
E92000001,England,nation,2021-11-05,144451,7072,23838
E92000001,England,nation,2021-11-04,144328,7201,26076
E92000001,England,nation,2021-11-03,144200,7291,28430
E92000001,England,nation,2021-11-02,144072,7510,30420
E92000001,England,nation,2021-11-01,143947,7535,36748
E92000001,England,nation,2021-10-31,143808,7311,28901
E92000001,England,nation,2021-10-30,143664,7155,27683
E92000001,England,nation,2021-10-29,143546,7113,33264
E92000001,England,nation,2021-10-28,143418,7019,34356
E92000001,England,nation,2021-10-27,143265,6951,35766
E92000001,England,nation,2021-10-26,143131,6883,34548
E92000001,England,nation,2021-10-25,143004,6801,39131
E92000001,England,nation,2021-10-24,142885,6515,29490
E92000001,England,nation,2021-10-23,142768,6386,29177
E92000001,England,nation,2021-10-22,142644,6405,33803
E92000001,England,nation,2021-10-21,142534,6366,37789
E92000001,England,nation,2021-10-20,142422,6299,43111
E92000001,England,nation,2021-10-19,142311,6099,43694
E92000001,England,nation,2021-10-18,142205,5938,48247
E92000001,England,nation,2021-10-17,142110,5623,36772
E92000001,England,nation,2021-10-16,142005,5385,31036
E92000001,England,nation,2021-10-15,141902,5363,35919
E92000001,England,nation,2021-10-14,141796,5289,38467
E92000001,England,nation,2021-10-13,141685,5246,39759
E92000001,England,nation,2021-10-12,141588,5213,40064
E92000001,England,nation,2021-10-11,141494,5206,42281
E92000001,England,nation,2021-10-10,141399,5077,30923
E92000001,England,nation,2021-10-09,141319,4921,26603
E92000001,England,nation,2021-10-08,141227,4975,29266
E92000001,England,nation,2021-10-07,141135,4962,31565
E92000001,England,nation,2021-10-06,141040,5009,31917
E92000001,England,nation,2021-10-05,140964,5006,31593
E92000001,England,nation,2021-10-04,140873,4909,35789
E92000001,England,nation,2021-10-03,140793,4778,26627
E92000001,England,nation,2021-10-02,140717,4652,21443
E92000001,England,nation,2021-10-01,140646,4799,23671
E92000001,England,nation,2021-09-30,140545,4916,26247
E92000001,England,nation,2021-09-29,140453,5017,28141
E92000001,England,nation,2021-09-28,140361,5126,29022
E92000001,England,nation,2021-09-27,140277,5121,33901
E92000001,England,nation,2021-09-26,140197,4949,26269
E92000001,England,nation,2021-09-25,140122,5100,22658
E92000001,England,nation,2021-09-24,140034,5036,25221
E92000001,England,nation,2021-09-23,139938,5214,27715
E92000001,England,nation,2021-09-22,139832,5406,28189
E92000001,England,nation,2021-09-21,139721,5543,29952
E92000001,England,nation,2021-09-20,139626,5727,31458
E92000001,England,nation,2021-09-19,139513,5695,24263
E92000001,England,nation,2021-09-18,139416,5688,20521
E92000001,England,nation,2021-09-17,139315,5910,21914
E92000001,England,nation,2021-09-16,139188,6081,21733
E92000001,England,nation,2021-09-15,139074,6306,21956
E92000001,England,nation,2021-09-14,138956,6344,22144
E92000001,England,nation,2021-09-13,138836,6424,24639
E92000001,England,nation,2021-09-12,138761,6253,17511
E92000001,England,nation,2021-09-11,138659,6206,16605
E92000001,England,nation,2021-09-10,138552,6400,20531
E92000001,England,nation,2021-09-09,138443,6254,23906
E92000001,England,nation,2021-09-08,138307,6302,25062
E92000001,England,nation,2021-09-07,138194,6244,27347
E92000001,England,nation,2021-09-06,138069,6375,32374
E92000001,England,nation,2021-09-05,137944,6167,22975
E92000001,England,nation,2021-09-04,137827,6043,22965
E92000001,England,nation,2021-09-03,137712,6195,28113
E92000001,England,nation,2021-09-02,137590,6186,29979
E92000001,England,nation,2021-09-01,137487,6236,30937
E92000001,England,nation,2021-08-31,137388,6293,32853
E92000001,England,nation,2021-08-30,137291,6002,24400
E92000001,England,nation,2021-08-29,137199,5855,18738
E92000001,England,nation,2021-08-28,137086,5756,19693
E92000001,England,nation,2021-08-27,136982,5889,23713
E92000001,England,nation,2021-08-26,136870,5893,25897
E92000001,England,nation,2021-08-25,136765,5922,27253
E92000001,England,nation,2021-08-24,136681,5911,27553
E92000001,England,nation,2021-08-23,136578,6000,29667
E92000001,England,nation,2021-08-22,136482,5749,21956
E92000001,England,nation,2021-08-21,136375,5575,22146
E92000001,England,nation,2021-08-20,136282,5576,25010
E92000001,England,nation,2021-08-19,136176,5554,28399
E92000001,England,nation,2021-08-18,136079,5514,30694
E92000001,England,nation,2021-08-17,135992,5437,30335
E92000001,England,nation,2021-08-16,135907,5429,30155
E92000001,England,nation,2021-08-15,135831,5115,20838
E92000001,England,nation,2021-08-14,135756,4973,20920
E92000001,England,nation,2021-08-13,135672,5076,24465
E92000001,England,nation,2021-08-12,135593,5029,27074
E92000001,England,nation,2021-08-11,135504,5073,28492
E92000001,England,nation,2021-08-10,135429,5096,26983
E92000001,England,nation,2021-08-09,135358,5098,27629
E92000001,England,nation,2021-08-08,135284,4939,19709
E92000001,England,nation,2021-08-07,135220,4817,19505
E92000001,England,nation,2021-08-06,135130,4879,24298
E92000001,England,nation,2021-08-05,135047,4894,27512
E92000001,England,nation,2021-08-04,134959,4944,28245
E92000001,England,nation,2021-08-03,134881,5116,26414
E92000001,England,nation,2021-08-02,134811,5309,25977
E92000001,England,nation,2021-08-01,134736,5090,18220
E92000001,England,nation,2021-07-31,134663,5057,18005
E92000001,England,nation,2021-07-30,134591,5111,21586
E92000001,England,nation,2021-07-29,134504,5056,24792
E92000001,England,nation,2021-07-28,134431,5182,26345
E92000001,England,nation,2021-07-27,134361,5163,25438
E92000001,England,nation,2021-07-26,134302,5055,25927
E92000001,England,nation,2021-07-25,134233,4725,19234
E92000001,England,nation,2021-07-24,134173,4476,19845
E92000001,England,nation,2021-07-23,134115,4401,24011
E92000001,England,nation,2021-07-22,134048,4230,27169
E92000001,England,nation,2021-07-21,133975,4063,31049
E92000001,England,nation,2021-07-20,133927,3894,35122
E92000001,England,nation,2021-07-19,133875,3813,42440
E92000001,England,nation,2021-07-18,133801,3546,32495
E92000001,England,nation,2021-07-17,133743,3442,34638
E92000001,England,nation,2021-07-16,133694,3367,50133
E92000001,England,nation,2021-07-15,133651,3241,56370
E92000001,England,nation,2021-07-14,133608,3110,49282
E92000001,England,nation,2021-07-13,133572,2970,42310
E92000001,England,nation,2021-07-12,133533,2798,39643
E92000001,England,nation,2021-07-11,133501,2564,26938
E92000001,England,nation,2021-07-10,133474,2429,24925
E92000001,England,nation,2021-07-09,133440,2352,28459
E92000001,England,nation,2021-07-08,133401,2209,29278
E92000001,England,nation,2021-07-07,133372,2144,33514
E92000001,England,nation,2021-07-06,133344,1998,30964
E92000001,England,nation,2021-07-05,133322,1888,29528
E92000001,England,nation,2021-07-04,133301,1744,21321
E92000001,England,nation,2021-07-03,133278,1636,20205
E92000001,England,nation,2021-07-02,133251,1611,21742
E92000001,England,nation,2021-07-01,133225,1560,23613
E92000001,England,nation,2021-06-30,133200,1500,23402
E92000001,England,nation,2021-06-29,133177,1445,22676
E92000001,England,nation,2021-06-28,133156,1465,22880
E92000001,England,nation,2021-06-27,133143,1331,15043
E92000001,England,nation,2021-06-26,133123,1276,13181
E92000001,England,nation,2021-06-25,133113,1284,14518
E92000001,England,nation,2021-06-24,133093,1274,14709
E92000001,England,nation,2021-06-23,133070,1255,14397
E92000001,England,nation,2021-06-22,133064,1301,13217
E92000001,England,nation,2021-06-21,133052,1290,12406
E92000001,England,nation,2021-06-20,133041,1168,8009
E92000001,England,nation,2021-06-19,133021,1143,6940
E92000001,England,nation,2021-06-18,133004,1170,8507
E92000001,England,nation,2021-06-17,132990,1122,9200
E92000001,England,nation,2021-06-16,132983,1057,9155
E92000001,England,nation,2021-06-15,132971,1030,8867
E92000001,England,nation,2021-06-14,132956,993,8690
E92000001,England,nation,2021-06-13,132945,947,5909
E92000001,England,nation,2021-06-12,132936,915,5257
E92000001,England,nation,2021-06-11,132925,884,6337
E92000001,England,nation,2021-06-10,132914,906,6528
E92000001,England,nation,2021-06-09,132898,876,6719
E92000001,England,nation,2021-06-08,132884,879,6426
E92000001,England,nation,2021-06-07,132871,860,6595
E92000001,England,nation,2021-06-06,132866,807,4612
E92000001,England,nation,2021-06-05,132854,782,3861
E92000001,England,nation,2021-06-04,132849,805,4738
E92000001,England,nation,2021-06-03,132836,779,4974
E92000001,England,nation,2021-06-02,132822,801,4920
E92000001,England,nation,2021-06-01,132812,776,4334
E92000001,England,nation,2021-05-31,132803,773,3064
E92000001,England,nation,2021-05-30,132793,755,2532
E92000001,England,nation,2021-05-29,132786,748,2392
E92000001,England,nation,2021-05-28,132777,743,2826
E92000001,England,nation,2021-05-27,132765,742,2962
E92000001,England,nation,2021-05-26,132757,745,3068
E92000001,England,nation,2021-05-25,132745,765,2690
E92000001,England,nation,2021-05-24,132738,797,2618
E92000001,England,nation,2021-05-23,132725,756,1842
E92000001,England,nation,2021-05-22,132711,730,1536
E92000001,England,nation,2021-05-21,132708,766,1799
E92000001,England,nation,2021-05-20,132692,749,1914
E92000001,England,nation,2021-05-19,132686,757,2172
E92000001,England,nation,2021-05-18,132683,749,2140
E92000001,England,nation,2021-05-17,132674,798,2243
E92000001,England,nation,2021-05-16,132663,801,1521
E92000001,England,nation,2021-05-15,132653,810,1260
E92000001,England,nation,2021-05-14,132640,818,1457
E92000001,England,nation,2021-05-13,132631,845,1656
E92000001,England,nation,2021-05-12,132621,907,1772
E92000001,England,nation,2021-05-11,132608,921,1746
E92000001,England,nation,2021-05-10,132589,944,2175
E92000001,England,nation,2021-05-09,132582,933,1849
E92000001,England,nation,2021-05-08,132571,948,1203
E92000001,England,nation,2021-05-07,132554,973,1561
E92000001,England,nation,2021-05-06,132539,976,1808
E92000001,England,nation,2021-05-05,132525,1032,2041
E92000001,England,nation,2021-05-04,132505,1093,2044
E92000001,England,nation,2021-05-03,132491,1096,1695
E92000001,England,nation,2021-05-02,132474,1082,1215
E92000001,England,nation,2021-05-01,132459,1071,1129
E92000001,England,nation,2021-04-30,132446,1161,1412
E92000001,England,nation,2021-04-29,132430,1235,1763
E92000001,England,nation,2021-04-28,132415,1278,2018
E92000001,England,nation,2021-04-27,132396,1310,1693
E92000001,England,nation,2021-04-26,132373,1393,2094
E92000001,England,nation,2021-04-25,132354,1377,1775
E92000001,England,nation,2021-04-24,132333,1401,1202
E92000001,England,nation,2021-04-23,132314,1478,1580
E92000001,England,nation,2021-04-22,132291,1523,1884
E92000001,England,nation,2021-04-21,132263,1609,2128
E92000001,England,nation,2021-04-20,132238,1649,1942
E92000001,England,nation,2021-04-19,132208,1732,2128
E92000001,England,nation,2021-04-18,132191,1691,2129
E92000001,England,nation,2021-04-17,132164,1735,1308
E92000001,England,nation,2021-04-16,132130,1844,1810
E92000001,England,nation,2021-04-15,132102,1885,1804
E92000001,England,nation,2021-04-14,132066,1972,1945
E92000001,England,nation,2021-04-13,132041,2057,1909
E92000001,England,nation,2021-04-12,132004,2108,2236
E92000001,England,nation,2021-04-11,131969,2096,1902
E92000001,England,nation,2021-04-10,131937,2190,1888
E92000001,England,nation,2021-04-09,131901,2321,2314
E92000001,England,nation,2021-04-08,131869,2382,2481
E92000001,England,nation,2021-04-07,131818,2486,2590
E92000001,England,nation,2021-04-06,131781,2588,2565
E92000001,England,nation,2021-04-05,131744,2680,2190
E92000001,England,nation,2021-04-04,131709,2672,1923
E92000001,England,nation,2021-04-03,131659,2677,2013
E92000001,England,nation,2021-04-02,131627,2784,2128
E92000001,England,nation,2021-04-01,131589,2928,2866
E92000001,England,nation,2021-03-31,131535,3084,3148
E92000001,England,nation,2021-03-30,131471,3283,2956
E92000001,England,nation,2021-03-29,131423,3466,3197
E92000001,England,nation,2021-03-28,131368,3438,4102
E92000001,England,nation,2021-03-27,131326,3676,2946
E92000001,England,nation,2021-03-26,131271,3712,3628
E92000001,England,nation,2021-03-25,131210,3763,4451
E92000001,England,nation,2021-03-24,131143,4005,5116
E92000001,England,nation,2021-03-23,131085,4245,4346
E92000001,England,nation,2021-03-22,131003,4501,5149
E92000001,England,nation,2021-03-21,130917,4492,4518
E92000001,England,nation,2021-03-20,130810,4589,3371
E92000001,England,nation,2021-03-19,130723,4841,4143
E92000001,England,nation,2021-03-18,130643,5083,4526
E92000001,England,nation,2021-03-17,130558,5397,4850
E92000001,England,nation,2021-03-16,130454,5664,4743
E92000001,England,nation,2021-03-15,130360,5976,5442
E92000001,England,nation,2021-03-14,130241,6039,3586
E92000001,England,nation,2021-03-13,130129,6072,3456
E92000001,England,nation,2021-03-12,130007,6391,4623
E92000001,England,nation,2021-03-11,129891,6687,4690
E92000001,England,nation,2021-03-10,129739,6975,5013
E92000001,England,nation,2021-03-09,129605,7451,5220
E92000001,England,nation,2021-03-08,129445,7847,5571
E92000001,England,nation,2021-03-07,129280,7812,3544
E92000001,England,nation,2021-03-06,129108,8021,3708
E92000001,England,nation,2021-03-05,128930,8594,4552
E92000001,England,nation,2021-03-04,128727,9092,4799
E92000001,England,nation,2021-03-03,128524,9594,5105
E92000001,England,nation,2021-03-02,128338,10121,5686
E92000001,England,nation,2021-03-01,128128,10765,5891
E92000001,England,nation,2021-02-28,127878,10663,3958
E92000001,England,nation,2021-02-27,127623,11090,4104
E92000001,England,nation,2021-02-26,127360,11781,5670
E92000001,England,nation,2021-02-25,127101,12449,6621
E92000001,England,nation,2021-02-24,126798,13007,7307
E92000001,England,nation,2021-02-23,126483,13511,8149
E92000001,England,nation,2021-02-22,126151,14137,9857
E92000001,England,nation,2021-02-21,125829,14142,6800
E92000001,England,nation,2021-02-20,125474,14316,6897
E92000001,England,nation,2021-02-19,125089,15018,8883
E92000001,England,nation,2021-02-18,124701,15633,9912
E92000001,England,nation,2021-02-17,124247,16458,10027
E92000001,England,nation,2021-02-16,123811,17093,10817
E92000001,England,nation,2021-02-15,123313,17730,12470
E92000001,England,nation,2021-02-14,122766,17787,7535
E92000001,England,nation,2021-02-13,122249,17694,7743
E92000001,England,nation,2021-02-12,121738,19009,10575
E92000001,England,nation,2021-02-11,121194,19983,11229
E92000001,England,nation,2021-02-10,120605,20926,11848
E92000001,England,nation,2021-02-09,119977,22067,12246
E92000001,England,nation,2021-02-08,119349,23020,13854
E92000001,England,nation,2021-02-07,118650,22991,10160
E92000001,England,nation,2021-02-06,117987,23042,10590
E92000001,England,nation,2021-02-05,117302,24402,13980
E92000001,England,nation,2021-02-04,116533,25334,16158
E92000001,England,nation,2021-02-03,115798,26374,17410
E92000001,England,nation,2021-02-02,114931,27397,17662
E92000001,England,nation,2021-02-01,114080,28539,20111
E92000001,England,nation,2021-01-31,113189,28112,13710
E92000001,England,nation,2021-01-30,112293,28571,15005
E92000001,England,nation,2021-01-29,111371,29359,19689
E92000001,England,nation,2021-01-28,110367,30333,21847
E92000001,England,nation,2021-01-27,109258,30846,23239
E92000001,England,nation,2021-01-26,108154,32337,24434
E92000001,England,nation,2021-01-25,107110,32938,27111
E92000001,England,nation,2021-01-24,105963,32907,15454
E92000001,England,nation,2021-01-23,104881,32614,19875
E92000001,England,nation,2021-01-22,103736,33412,26917
E92000001,England,nation,2021-01-21,102550,33235,28755
E92000001,England,nation,2021-01-20,101349,33886,31751
E92000001,England,nation,2021-01-19,100115,34015,35966
E92000001,England,nation,2021-01-18,98791,34336,40720
E92000001,England,nation,2021-01-17,97552,33352,26211
E92000001,England,nation,2021-01-16,96325,32923,27652
E92000001,England,nation,2021-01-15,95087,33362,36784
E92000001,England,nation,2021-01-14,93927,32925,38534
E92000001,England,nation,2021-01-13,92762,32689,41164
E92000001,England,nation,2021-01-12,91605,32202,44683
E92000001,England,nation,2021-01-11,90435,32070,52025
E92000001,England,nation,2021-01-10,89364,30758,32862
E92000001,England,nation,2021-01-09,88337,29462,35448
E92000001,England,nation,2021-01-08,87363,29346,42335
E92000001,England,nation,2021-01-07,86441,28246,46856
E92000001,England,nation,2021-01-06,85526,27727,51318
E92000001,England,nation,2021-01-05,84644,26467,58045
E92000001,England,nation,2021-01-04,83790,26626,69112
E92000001,England,nation,2021-01-03,83001,24957,49510
E92000001,England,nation,2021-01-02,82317,23557,54176
E92000001,England,nation,2021-01-01,81593,22534,28223
E92000001,England,nation,2020-12-31,80904,22728,46695
E92000001,England,nation,2020-12-30,80203,22713,62879
E92000001,England,nation,2020-12-29,79548,21787,72502
E92000001,England,nation,2020-12-28,78934,20426,40039
E92000001,England,nation,2020-12-27,78319,19277,42437
E92000001,England,nation,2020-12-26,77707,18350,36712
E92000001,England,nation,2020-12-25,77114,17701,12673
E92000001,England,nation,2020-12-24,76556,18227,28695
E92000001,England,nation,2020-12-23,76053,17834,37610
E92000001,England,nation,2020-12-22,75534,18063,40898
E92000001,England,nation,2020-12-21,74995,17709,42597
E92000001,England,nation,2020-12-20,74489,16633,28940
E92000001,England,nation,2020-12-19,74034,16183,21742
E92000001,England,nation,2020-12-18,73577,15866,31835
E92000001,England,nation,2020-12-17,73099,15741,29609
E92000001,England,nation,2020-12-16,72636,15465,30123
E92000001,England,nation,2020-12-15,72250,15031,29092
E92000001,England,nation,2020-12-14,71842,15053,29509
E92000001,England,nation,2020-12-13,71420,14460,18126
E92000001,England,nation,2020-12-12,71010,13927,16030
E92000001,England,nation,2020-12-11,70599,13901,19867
E92000001,England,nation,2020-12-10,70175,13796,18542
E92000001,England,nation,2020-12-09,69768,13467,17461
E92000001,England,nation,2020-12-08,69387,13629,16670
E92000001,England,nation,2020-12-07,68989,13616,17394
E92000001,England,nation,2020-12-06,68610,13189,10870
E92000001,England,nation,2020-12-05,68247,12968,10139
E92000001,England,nation,2020-12-04,67902,12987,12881
E92000001,England,nation,2020-12-03,67482,12896,12524
E92000001,England,nation,2020-12-02,67072,13212,13467
E92000001,England,nation,2020-12-01,66724,13507,13522
E92000001,England,nation,2020-11-30,66365,13756,15026
E92000001,England,nation,2020-11-29,65980,13521,8903
E92000001,England,nation,2020-11-28,65557,13208,9205
E92000001,England,nation,2020-11-27,65168,13754,12267
E92000001,England,nation,2020-11-26,64781,13908,12274
E92000001,England,nation,2020-11-25,64401,14240,13931
E92000001,England,nation,2020-11-24,63965,14506,14029
E92000001,England,nation,2020-11-23,63542,14712,16204
E92000001,England,nation,2020-11-22,63113,14354,10039
E92000001,England,nation,2020-11-21,62693,14118,10618
E92000001,England,nation,2020-11-20,62280,14236,14678
E92000001,England,nation,2020-11-19,61873,14479,15498
E92000001,England,nation,2020-11-18,61466,14490,18209
E92000001,England,nation,2020-11-17,61022,14411,20318
E92000001,England,nation,2020-11-16,60644,14313,23720
E92000001,England,nation,2020-11-15,60282,13886,14209
E92000001,England,nation,2020-11-14,59907,13399,16033
E92000001,England,nation,2020-11-13,59540,13328,21649
E92000001,England,nation,2020-11-12,59188,12967,21955
E92000001,England,nation,2020-11-11,58831,12730,24636
E92000001,England,nation,2020-11-10,58514,12033,24469
E92000001,England,nation,2020-11-09,58185,12259,28100
E92000001,England,nation,2020-11-08,57781,11680,17964
E92000001,England,nation,2020-11-07,57434,11514,16621
E92000001,England,nation,2020-11-06,57086,11181,20828
E92000001,England,nation,2020-11-05,56747,10994,20871
E92000001,England,nation,2020-11-04,56447,11037,20690
E92000001,England,nation,2020-11-03,56164,10971,22309
E92000001,England,nation,2020-11-02,55860,10397,27932
E92000001,England,nation,2020-11-01,55581,9623,13370
E92000001,England,nation,2020-10-31,55298,9782,14343
E92000001,England,nation,2020-10-30,55021,9295,19644
E92000001,England,nation,2020-10-29,54737,9127,19960
E92000001,England,nation,2020-10-28,54484,9070,20231
E92000001,England,nation,2020-10-27,54256,8595,20483
E92000001,England,nation,2020-10-26,54030,7856,22757
E92000001,England,nation,2020-10-25,53812,7612,13163
E92000001,England,nation,2020-10-24,53605,7176,13519
E92000001,England,nation,2020-10-23,53431,6842,18102
E92000001,England,nation,2020-10-22,53248,6345,19610
E92000001,England,nation,2020-10-21,53062,6271,21484
E92000001,England,nation,2020-10-20,52866,6072,21325
E92000001,England,nation,2020-10-19,52689,5644,22104
E92000001,England,nation,2020-10-18,52534,5202,11855
E92000001,England,nation,2020-10-17,52410,5029,12351
E92000001,England,nation,2020-10-16,52242,4854,14549
E92000001,England,nation,2020-10-15,52117,4569,15235
E92000001,England,nation,2020-10-14,51993,4313,16434
E92000001,England,nation,2020-10-13,51889,4105,15436
E92000001,England,nation,2020-10-12,51795,3827,16197
E92000001,England,nation,2020-10-11,51701,3604,9653
E92000001,England,nation,2020-10-10,51595,3369,10153
E92000001,England,nation,2020-10-09,51508,3238,13011
E92000001,England,nation,2020-10-08,51426,3179,15263
E92000001,England,nation,2020-10-07,51346,3066,15185
E92000001,England,nation,2020-10-06,51258,2903,14288
E92000001,England,nation,2020-10-05,51189,2705,14036
E92000001,England,nation,2020-10-04,51135,2435,9831
E92000001,England,nation,2020-10-03,51080,2290,9699
E92000001,England,nation,2020-10-02,51024,2180,11574
E92000001,England,nation,2020-10-01,50955,2069,11305
E92000001,England,nation,2020-09-30,50899,2036,10521
E92000001,England,nation,2020-09-29,50846,1954,8716
E92000001,England,nation,2020-09-28,50804,1955,8573
E92000001,England,nation,2020-09-27,50757,1793,6025
E92000001,England,nation,2020-09-26,50708,1689,5647
E92000001,England,nation,2020-09-25,50665,1686,6029
E92000001,England,nation,2020-09-24,50630,1546,6293
E92000001,England,nation,2020-09-23,50597,1439,5884
E92000001,England,nation,2020-09-22,50545,1378,5353
E92000001,England,nation,2020-09-21,50513,1299,4695
E92000001,England,nation,2020-09-20,50487,1174,4625
E92000001,England,nation,2020-09-19,50453,1081,4174
E92000001,England,nation,2020-09-18,50431,1020,4271
E92000001,England,nation,2020-09-17,50406,984,3941
E92000001,England,nation,2020-09-16,50372,929,3742
E92000001,England,nation,2020-09-15,50347,891,3040
E92000001,England,nation,2020-09-14,50325,812,2892
E92000001,England,nation,2020-09-13,50308,691,1708
E92000001,England,nation,2020-09-12,50290,663,2205
E92000001,England,nation,2020-09-11,50269,622,2858
E92000001,England,nation,2020-09-10,50254,572,3100
E92000001,England,nation,2020-09-09,50239,557,2849
E92000001,England,nation,2020-09-08,50229,535,3001
E92000001,England,nation,2020-09-07,50214,555,3460
E92000001,England,nation,2020-09-06,50194,483,2056
E92000001,England,nation,2020-09-05,50181,471,2189
E92000001,England,nation,2020-09-04,50169,474,2590
E92000001,England,nation,2020-09-03,50155,468,2661
E92000001,England,nation,2020-09-02,50149,451,2618
E92000001,England,nation,2020-09-01,50136,496,1927
E92000001,England,nation,2020-08-31,50127,495,1260
E92000001,England,nation,2020-08-30,50111,479,975
E92000001,England,nation,2020-08-29,50103,478,1040
E92000001,England,nation,2020-08-28,50095,469,1384
E92000001,England,nation,2020-08-27,50084,492,1326
E92000001,England,nation,2020-08-26,50073,485,1135
E92000001,England,nation,2020-08-25,50058,500,1062
E92000001,England,nation,2020-08-24,50039,522,1132
E92000001,England,nation,2020-08-23,50031,522,697
E92000001,England,nation,2020-08-22,50015,594,715
E92000001,England,nation,2020-08-21,50004,528,1007
E92000001,England,nation,2020-08-20,49995,551,1218
E92000001,England,nation,2020-08-19,49979,571,1074
E92000001,England,nation,2020-08-18,49969,597,924
E92000001,England,nation,2020-08-17,49958,626,1135
E92000001,England,nation,2020-08-16,49939,634,530
E92000001,England,nation,2020-08-15,49927,630,643
E92000001,England,nation,2020-08-14,49906,642,1037
E92000001,England,nation,2020-08-13,49891,652,1022
E92000001,England,nation,2020-08-12,49873,642,1095
E92000001,England,nation,2020-08-11,49853,672,1213
E92000001,England,nation,2020-08-10,49833,714,1348
E92000001,England,nation,2020-08-09,49810,611,555
E92000001,England,nation,2020-08-08,49792,650,637
E92000001,England,nation,2020-08-07,49774,711,865
E92000001,England,nation,2020-08-06,49755,756,981
E92000001,England,nation,2020-08-05,49738,805,942
E92000001,England,nation,2020-08-04,49731,807,920
E92000001,England,nation,2020-08-03,49711,842,936
E92000001,England,nation,2020-08-02,49692,847,512
E92000001,England,nation,2020-08-01,49677,879,494
E92000001,England,nation,2020-07-31,49661,870,626
E92000001,England,nation,2020-07-30,49635,898,856
E92000001,England,nation,2020-07-29,49621,927,972
E92000001,England,nation,2020-07-28,49600,944,779
E92000001,England,nation,2020-07-27,49580,945,808
E92000001,England,nation,2020-07-26,49564,965,515
E92000001,England,nation,2020-07-25,49536,977,492
E92000001,England,nation,2020-07-24,49516,1018,718
E92000001,England,nation,2020-07-23,49499,1095,728
E92000001,England,nation,2020-07-22,49466,1305,746
E92000001,England,nation,2020-07-21,49432,1188,688
E92000001,England,nation,2020-07-20,49402,1278,753
E92000001,England,nation,2020-07-19,49373,1301,414
E92000001,England,nation,2020-07-18,49351,1321,467
E92000001,England,nation,2020-07-17,49323,1346,548
E92000001,England,nation,2020-07-16,49292,1348,641
E92000001,England,nation,2020-07-15,49274,1489,725
E92000001,England,nation,2020-07-14,49235,1506,650
E92000001,England,nation,2020-07-13,49197,1612,689
E92000001,England,nation,2020-07-12,49155,1611,353
E92000001,England,nation,2020-07-11,49126,1640,421
E92000001,England,nation,2020-07-10,49093,1746,521
E92000001,England,nation,2020-07-09,49051,1801,683
E92000001,England,nation,2020-07-08,48995,1888,672
E92000001,England,nation,2020-07-07,48951,2010,559
E92000001,England,nation,2020-07-06,48910,2099,653
E92000001,England,nation,2020-07-05,48862,2100,540
E92000001,England,nation,2020-07-04,48818,2152,388
E92000001,England,nation,2020-07-03,48772,2294,541
E92000001,England,nation,2020-07-02,48727,2410,564
E92000001,England,nation,2020-07-01,48672,2509,616
E92000001,England,nation,2020-06-30,48628,2665,572
E92000001,England,nation,2020-06-29,48557,3024,667
E92000001,England,nation,2020-06-28,48494,2818,410
E92000001,England,nation,2020-06-27,48432,2819,504
E92000001,England,nation,2020-06-26,48371,2859,640
E92000001,England,nation,2020-06-25,48301,3066,637
E92000001,England,nation,2020-06-24,48204,3223,726
E92000001,England,nation,2020-06-23,48111,3288,729
E92000001,England,nation,2020-06-22,48022,3417,814
E92000001,England,nation,2020-06-21,47948,3373,549
E92000001,England,nation,2020-06-20,47881,3423,628
E92000001,England,nation,2020-06-19,47805,3575,821
E92000001,England,nation,2020-06-18,47729,3681,943
E92000001,England,nation,2020-06-17,47650,3826,910
E92000001,England,nation,2020-06-16,47559,3934,993
E92000001,England,nation,2020-06-15,47456,3920,936
E92000001,England,nation,2020-06-14,47364,3973,744
E92000001,England,nation,2020-06-13,47245,4000,788
E92000001,England,nation,2020-06-12,47160,4136,942
E92000001,England,nation,2020-06-11,47038,4179,911
E92000001,England,nation,2020-06-10,46930,4447,1078
E92000001,England,nation,2020-06-09,46788,4665,1054
E92000001,England,nation,2020-06-08,46661,4830,989
E92000001,England,nation,2020-06-07,46519,4820,666
E92000001,England,nation,2020-06-06,46382,5004,727
E92000001,England,nation,2020-06-05,46253,5213,1022
E92000001,England,nation,2020-06-04,46093,5398,1145
E92000001,England,nation,2020-06-03,45930,5600,1238
E92000001,England,nation,2020-06-02,45751,5827,1348
E92000001,England,nation,2020-06-01,45547,5954,1312
E92000001,England,nation,2020-05-31,45368,5933,988
E92000001,England,nation,2020-05-30,45193,5972,996
E92000001,England,nation,2020-05-29,45005,6250,1371
E92000001,England,nation,2020-05-28,44789,6528,1572
E92000001,England,nation,2020-05-27,44548,6836,1609
E92000001,England,nation,2020-05-26,44315,7305,1451
E92000001,England,nation,2020-05-25,44055,7448,1376
E92000001,England,nation,2020-05-24,43815,7415,1200
E92000001,England,nation,2020-05-23,43581,7428,1301
E92000001,England,nation,2020-05-22,43326,7761,1792
E92000001,England,nation,2020-05-21,43070,7903,2266
E92000001,England,nation,2020-05-20,42784,8115,2342
E92000001,England,nation,2020-05-19,42481,8518,2581
E92000001,England,nation,2020-05-18,42165,8668,2207
E92000001,England,nation,2020-05-17,41821,8611,1588
E92000001,England,nation,2020-05-16,41505,8643,1768
E92000001,England,nation,2020-05-15,41154,9079,2129
E92000001,England,nation,2020-05-14,40795,9231,2208
E92000001,England,nation,2020-05-13,40422,9602,2884
E92000001,England,nation,2020-05-12,40049,9791,2918
E92000001,England,nation,2020-05-11,39669,10109,3056
E92000001,England,nation,2020-05-10,39314,9893,2001
E92000001,England,nation,2020-05-09,38891,10176,1793
E92000001,England,nation,2020-05-08,38428,10249,2619
E92000001,England,nation,2020-05-07,37946,10726,3203
E92000001,England,nation,2020-05-06,37411,11227,3259
E92000001,England,nation,2020-05-05,36887,11754,3135
E92000001,England,nation,2020-05-04,36350,12020,2842
E92000001,England,nation,2020-05-03,35788,12119,2632
E92000001,England,nation,2020-05-02,35232,12314,2742
E92000001,England,nation,2020-05-01,34642,12623,4084
E92000001,England,nation,2020-04-30,33981,12922,4304
E92000001,England,nation,2020-04-29,33321,13224,4724
E92000001,England,nation,2020-04-28,32622,13565,4105
E92000001,England,nation,2020-04-27,31921,14255,4022
E92000001,England,nation,2020-04-26,31197,14174,3133
E92000001,England,nation,2020-04-25,30434,14202,3369
E92000001,England,nation,2020-04-24,29663,14642,4346
E92000001,England,nation,2020-04-23,28789,15402,4556
E92000001,England,nation,2020-04-22,27896,16018,4796
E92000001,England,nation,2020-04-21,26957,16517,3976
E92000001,England,nation,2020-04-20,26041,16654,3671
E92000001,England,nation,2020-04-19,25049,16928,3468
E92000001,England,nation,2020-04-18,24082,16850,4102
E92000001,England,nation,2020-04-17,23052,16728,4060
E92000001,England,nation,2020-04-16,21945,17783,4344
E92000001,England,nation,2020-04-15,20798,17934,4215
E92000001,England,nation,2020-04-14,19698,18552,3538
E92000001,England,nation,2020-04-13,18618,18621,3427
E92000001,England,nation,2020-04-12,17542,18974,2937
E92000001,England,nation,2020-04-11,16334,18604,3058
E92000001,England,nation,2020-04-10,15131,18669,3579
E92000001,England,nation,2020-04-09,13968,18423,4053
E92000001,England,nation,2020-04-08,12791,18152,4285
E92000001,England,nation,2020-04-07,11505,17814,4563
E92000001,England,nation,2020-04-06,10360,17154,4366
E92000001,England,nation,2020-04-05,9335,16657,3074
E92000001,England,nation,2020-04-04,8272,15469,3376
E92000001,England,nation,2020-04-03,7249,13635,4079
E92000001,England,nation,2020-04-02,6322,12135,4062
E92000001,England,nation,2020-04-01,5430,12059,4117
E92000001,England,nation,2020-03-31,4604,11154,3780
E92000001,England,nation,2020-03-30,3863,9852,3514
E92000001,England,nation,2020-03-29,3232,8424,2436
E92000001,England,nation,2020-03-28,2701,7269,2368
E92000001,England,nation,2020-03-27,2252,6462,2649
E92000001,England,nation,2020-03-26,1836,5226,2604
E92000001,England,nation,2020-03-25,1466,4402,2258
E92000001,England,nation,2020-03-24,1167,3598,2026
E92000001,England,nation,2020-03-23,930,3183,2010
E92000001,England,nation,2020-03-22,742,2670,1206
E92000001,England,nation,2020-03-21,570,2152,1027
E92000001,England,nation,2020-03-20,444,1580,1084
E92000001,England,nation,2020-03-19,335,,927
E92000001,England,nation,2020-03-18,264,,908
E92000001,England,nation,2020-03-17,198,,680
E92000001,England,nation,2020-03-16,144,,543
E92000001,England,nation,2020-03-15,100,,396
E92000001,England,nation,2020-03-14,72,,315
E92000001,England,nation,2020-03-13,53,,392
E92000001,England,nation,2020-03-12,37,,415
E92000001,England,nation,2020-03-11,26,,351
E92000001,England,nation,2020-03-10,19,,228
E92000001,England,nation,2020-03-09,16,,125
E92000001,England,nation,2020-03-08,11,,50
E92000001,England,nation,2020-03-07,9,,55
E92000001,England,nation,2020-03-06,9,,73
E92000001,England,nation,2020-03-05,7,,46
E92000001,England,nation,2020-03-04,5,,49
E92000001,England,nation,2020-03-03,4,,54
E92000001,England,nation,2020-03-02,4,,38
E92000001,England,nation,2020-03-01,3,,20
E92000001,England,nation,2020-02-29,3,,5
E92000001,England,nation,2020-02-28,3,,11
E92000001,England,nation,2020-02-27,3,,7
E92000001,England,nation,2020-02-26,3,,4
E92000001,England,nation,2020-02-25,3,,5
E92000001,England,nation,2020-02-24,3,,2
E92000001,England,nation,2020-02-23,3,,1
E92000001,England,nation,2020-02-22,3,,0
E92000001,England,nation,2020-02-21,2,,1
E92000001,England,nation,2020-02-20,2,,0
E92000001,England,nation,2020-02-19,2,,0
E92000001,England,nation,2020-02-18,2,,0
E92000001,England,nation,2020-02-17,2,,0
E92000001,England,nation,2020-02-16,2,,0
E92000001,England,nation,2020-02-15,2,,0
E92000001,England,nation,2020-02-14,2,,0
E92000001,England,nation,2020-02-13,2,,0
E92000001,England,nation,2020-02-12,2,,0
E92000001,England,nation,2020-02-11,2,,1
E92000001,England,nation,2020-02-10,2,,0
E92000001,England,nation,2020-02-09,2,,1
E92000001,England,nation,2020-02-08,2,,4
E92000001,England,nation,2020-02-07,2,,0
E92000001,England,nation,2020-02-06,2,,0
E92000001,England,nation,2020-02-05,2,,1
E92000001,England,nation,2020-02-04,2,,0
E92000001,England,nation,2020-02-03,2,,0
E92000001,England,nation,2020-02-02,2,,0
E92000001,England,nation,2020-02-01,1,,0
E92000001,England,nation,2020-01-31,1,,0
E92000001,England,nation,2020-01-30,1,,2

